frame_idx,ref_tx,ref_ty,ref_tz,est_tx,est_ty,est_tz,aligned_tx,aligned_ty,aligned_tz,translation_error_before,translation_error_after,rotation_error_before_deg,rotation_error_after_deg,ref_step,est_step,aligned_step,step_error_after
0,0.00168662234,0.00454999306,-0.212309675,3.551678446456208e-06,-4.719722710433416e-05,2.3968277673702687e-05,-0.01020638987936921,0.004434259866309952,-0.210808453329984,0.21239007263278106,0.011987943957356185,1.051147250335833,1.051147250335833,0.0,0.0,0.0,0.0
1,0.00224649626,0.0029078802,-0.20474909,0.0024473280645906925,5.636379501083866e-05,0.01915467344224453,-0.009049862597684876,0.004483270548332413,-0.20175476799030592,0.22392201044743737,0.011792181413502457,1.062271353963814,1.062271353963814,0.007757089595557001,0.01928643689239966,0.00912738602394651,0.0023335043802698444
2,0.00127184246,0.00333181964,-0.191073649,0.004622101318091154,-0.0031215110793709755,0.03812006115913391,-0.008020642161064195,0.002979328121013771,-0.19277931981646104,0.22930901964008937,0.009454302387685652,1.0500795914278236,1.0500795914278236,0.01371668185907665,0.019352376047227556,0.009158592001679197,0.00546096813911577
3,0.00157250725,0.00297070682,-0.18280781,0.006554998457431793,-0.006099494639784098,0.05717262253165245,-0.0071058905958180305,0.0015699850847389527,-0.1837626163495579,0.24020345911587576,0.008842412889878411,1.0822311456254239,1.0822311456254239,0.008279184510483838,0.019380520433955006,0.00917191144909717,0.0014281759700756373
4,0.00390081838,-2.42200773e-05,-0.175220434,0.007815727964043617,-0.008462396450340748,0.0761561468243599,-0.006509245142703752,0.0004517320304315616,-0.17477858496619808,0.2515486329211505,0.010430301219248324,1.0055016439736801,1.0055016439736801,0.008482858857933954,0.01917151372289072,0.009072998158678524,0.0029105355159050636
5,0.00283902006,-0.00115279322,-0.166230745,0.0073954095132648945,-0.00969591736793518,0.09577132016420364,-0.006708162587882876,-0.00013203684540127533,-0.16549562305891433,0.26218090663769644,0.009629695963870583,1.0715384809208004,1.0715384809208004,0.009122258565042951,0.01965841465139865,0.009303426036814017,0.0010617834484841883
6,0.00362722349,-0.000441480069,-0.157638151,0.007295474410057068,-0.009164735674858093,0.11514465510845184,-0.006755457288786402,0.00011934708770244135,-0.15632711217253856,0.27294690062643845,0.010480143608795971,1.049665370367293,1.049665370367293,0.008657938709339855,0.01938087324859078,0.009172078420082726,0.0011141239932030557
7,0.0011912643,-7.07391727e-05,-0.149769392,0.007627235725522041,-0.007619260810315609,0.13365395367145538,-0.006598449874148066,0.0008507494591039003,-0.14756751007705832,0.2835968878156193,0.008147212542707135,0.9464934162789918,0.9464934162789918,0.00824552691994974,0.01857667062263248,0.008791486201336206,0.0027653487905066935
8,0.00413093341,0.0011055774,-0.140050506,0.008338240906596184,-0.005207152105867863,0.1515779346227646,-0.00626196373163788,0.0019922898794545447,-0.13908491196206207,0.29172709742197506,0.010475253785182796,0.9321315983089264,0.9321315983089264,0.010221649584900329,0.018099527339477183,0.008565676169219423,0.0028820441838404197
9,0.00241872779,0.00293106172,-0.130516922,0.008616418577730656,-0.0030980492010712624,0.16897478699684143,-0.006130314998289558,0.00299043155195247,-0.1308517796263332,0.2996164970548979,0.00855580428731661,0.948056634334052,0.948056634334052,0.009856635580804494,0.01752644203496997,0.008294461178701931,0.002403220602408947
10,0.000604306015,0.00248808281,-0.124363099,0.007518317550420761,-0.003193055745214224,0.185306578874588,-0.006649995850977251,0.0029454693120098676,-0.12312269157535731,0.30979894816759235,0.007373785225652465,0.9416904124400761,0.9416904124400761,0.006431010356672423,0.016368942484095858,0.007746669729077733,0.0020775541644876064
11,-0.00140514102,3.34018031e-05,-0.116493963,0.00504253339022398,-0.004951797425746918,0.20146600902080536,-0.007821670944109325,0.0021131375379146583,-0.11547517442667922,0.31806440939552305,0.0068216630780759385,0.9387032157287437,0.9387032157287437,0.008484493951827762,0.016442319245082253,0.007781395584685308,0.001839291650343874
12,-0.00144429498,0.00248339577,-0.110396972,0.0024453620426356792,-0.006406752858310938,0.21721670031547546,-0.009050793025706137,0.0014245738620662072,-0.10802109462995318,0.3277573530257085,0.008038949535203737,0.9053140378215238,0.9053140378215238,0.006570943822961143,0.016029549918181663,0.007586050793603089,0.0036205328626419966
13,-0.00296880495,-0.000550216146,-0.100589401,0.0001512902817921713,-0.008245503529906273,0.23410563170909882,-0.010136471974320275,0.0005543775020503605,-0.10002833799887755,0.3347980247288223,0.007273951428905062,0.9807151606288113,0.9807151606288113,0.01037860206509372,0.017142921947401742,0.008112958711102401,0.0028577072500273904
14,-0.00365130711,-0.00139499267,-0.0927809582,-0.00024394622596446425,-0.009968276135623455,0.2530781328678131,-0.010323519286230593,-0.0002609317586279329,-0.09104952335926934,0.34598211250269834,0.00698586974420779,0.9851966355280533,0.9851966355280533,0.00788360549081307,0.019054657109627778,0.009017695283157622,0.0012712647517535978
15,-0.0031312863,-0.00125760751,-0.0828477212,0.0011388759594410658,-0.01003606803715229,0.2726505696773529,-0.00966909296792773,-0.0002930145563994008,-0.08178678669170117,0.35563229672186375,0.006693200850432885,0.997782361482101,0.997782361482101,0.009947788378488469,0.019621342349640376,0.009285881416683732,0.0007045246093392109
16,-0.00045491903,0.000708953932,-0.0737082312,0.003484954359009862,-0.007892959751188755,0.29114994406700134,-0.008558801662448405,0.0007212203033748303,-0.0730318812523055,0.3649808263190004,0.008132066984236661,1.071854157210553,1.071854157210553,0.009724226608280392,0.018770291681022684,0.008883118167995068,0.0018728120915132956
17,-0.000203767977,0.00217606208,-0.0632980475,0.0057209511287510395,-0.004566413350403309,0.3091163635253906,-0.007500606943559309,0.0022955221454379372,-0.06452919893831693,0.372522558794498,0.007400936662018034,1.0733767430758416,1.0733767430758416,0.010516054765790107,0.018408091173874076,0.008711705280002422,0.0020739748080278505
18,0.000666552629,0.00372308327,-0.05790277,0.007184620480984449,-0.0018283898243680596,0.3264395296573639,-0.0068079193691883925,0.0035913031030195453,-0.0563309389214143,0.3844376508199365,0.007639093572127498,0.9758186076702677,0.9758186076702677,0.005679766880915398,0.017599181391125426,0.008328885379837047,0.0028198202315703057
19,0.0015190136,0.00415694978,-0.0487877909,0.008858398534357548,-0.0015100105665624142,0.34400346875190735,-0.006015796983038029,0.0037419774035252484,-0.04801873210418933,0.3929006931397759,0.007585316343232676,1.0102234752040293,1.0102234752040293,0.009165029942614186,0.0176463836193308,0.008351224029553675,0.0008533943463204714
20,0.00154598724,0.0028049075,-0.0390394014,0.011216343380510807,-0.004218835383653641,0.3619302213191986,-0.004899889832635497,0.0024600148557110757,-0.03953482231046676,0.4011477123149981,0.006474080942507615,0.970859629575734,0.970859629575734,0.009841739874019876,0.01828294542452265,0.008652479536545549,0.00167020845601029
21,0.00233227964,0.00176915508,-0.0301075968,0.013573938980698586,-0.0066201351583004,0.38067713379859924,-0.0037841479643305363,0.001323589806092193,-0.030662768446330757,0.4110241476949968,0.00615771309896935,0.9895485325191536,0.9895485325191536,0.009025972093155105,0.01904655415375838,0.009013860525780312,0.0003496313500776084
22,0.00358036399,0.000857091014,-0.0198196106,0.01480995025485754,-0.008770257234573364,0.4011189043521881,-0.003199200516953953,0.00030603564104647336,-0.02098861598901111,0.42119831767486043,0.006901646943125081,1.0688813302692557,1.0688813302692557,0.010403472278840073,0.02059166657117139,0.009745091367578758,0.0009097640222995344
23,0.00205562056,3.02439004e-05,-0.00965049046,0.01386596355587244,-0.009777329862117767,0.42275455594062805,-0.0036459461263777136,-0.00017056564497801817,-0.010749454394309077,0.4326774744050315,0.005809983552613479,1.0008993853856878,1.0008993853856878,0.010315983864777533,0.021679638507626775,0.010259978586127786,0.0011356307702232939
24,-0.000536410193,2.38710878e-05,0.000139513483,0.01137668825685978,-0.009019579738378525,0.44450482726097107,-0.0048240059567508965,0.0001880427349756084,-0.00045604853744099505,0.44461695649909283,0.0043318730225230225,1.0103920192467395,1.0103920192467395,0.010127331397816195,0.021905364166633648,0.010366804187806288,0.0015446483508676167
25,-0.0017487563,0.000289396764,0.0094022103,0.008643805049359798,-0.0067207389511168,0.464823454618454,-0.00611735423732642,0.001275978645065851,0.009159825893027329,0.455593741298883,0.004485169110167818,0.9830815431967126,0.9830815431967126,0.009345471592784467,0.020630073613132516,0.009763267659030253,0.0008986959283242269
26,-0.00238037856,0.00288900765,0.0179789823,0.006341048050671816,-0.004114620387554169,0.48329952359199524,-0.00720714351067076,0.0025093350336263037,0.017903701947864004,0.4654549604806991,0.0048422596291468585,0.9761941100661932,0.9761941100661932,0.008984316411275887,0.01880052309052613,0.008897425307573278,0.0014506867784030847
27,-0.00262539319,0.00408984227,0.0273122366,0.004619617480784655,-0.0013842785265296698,0.4999814033508301,-0.00802181764734212,0.003801480611471834,0.02579847053645426,0.4727563826909572,0.005612133022750982,1.0193020458002018,1.0193020458002018,0.009413377278212802,0.016991268409781192,0.008041188047216553,0.001549867990021641
28,-0.00489247912,0.00422247791,0.033332394,0.0024776661302894354,-0.00013634911738336086,0.5152497887611389,-0.00903550498262113,0.004392068365522066,0.03302429707869134,0.4819934582413214,0.004157925917314018,0.9941927263580721,0.9941927263580721,0.006434249447121004,0.015468318474735137,0.0073204456918576355,0.0017984343903946908
29,-0.00766827482,0.00325431592,0.0410245346,-0.0011595183750614524,-0.0015583138447254896,0.5309543013572693,-0.010756817592403245,0.003719117677362445,0.04045652261534813,0.4899966343461393,0.0031745511092624887,0.9591124358337673,0.9591124358337673,0.008234768145927827,0.016182793661595862,0.007658574028957527,0.0011254510830962217
30,-0.00917916881,0.00231224452,0.0495132234,-0.005461570806801319,-0.0036953177768737078,0.5480532646179199,-0.012792781698101875,0.002707771728277627,0.04854867769614177,0.4985900962085283,0.0037609823573602724,0.9891350362791518,0.9891350362791518,0.008673415516102147,0.017760883579386922,0.008405411609197838,0.0006616166412797551
31,-0.0108223856,0.00150190081,0.0585462398,-0.008867091499269009,-0.005932032596319914,0.5674654245376587,-0.014404458450324549,0.0016492371893959234,0.0577355626627403,0.5089772324328007,0.003675615776247746,0.9844134058413114,0.9844134058413114,0.009216951970686588,0.01983513088234782,0.009387057723971585,0.0002937158445012279
32,-0.0102548487,0.00176531655,0.0685305428,-0.010207091458141804,-0.0074631767347455025,0.5880529284477234,-0.015038618972817134,0.0009246168933981333,0.06747868403373444,0.5196043461694316,0.004969672101846269,1.0113112114028309,1.0113112114028309,0.010003888862874795,0.02068780605838481,0.009790589777515082,0.0015743127014114663
33,-0.0109714673,0.00087958788,0.0781651305,-0.009540693834424019,-0.006867498159408569,0.6097128391265869,-0.014723243541313255,0.0012065242427767675,0.0777293263433099,0.531606086309202,0.0037911261668766307,0.9964268147659516,0.9964268147659516,0.009701718283052609,0.02167834517149218,0.010259366509453121,0.0016756816036434762
34,-0.0108794588,0.00233943586,0.0889574376,-0.008004223927855492,-0.004281886387616396,0.6301954388618469,-0.01399610280351557,0.002430175707320103,0.08742280137971623,0.5412861377255064,0.0034751707717964146,0.9828798938039361,0.9828798938039361,0.01089098316174865,0.02070224673611766,0.00979742388797569,0.0012909739181661579
35,-0.0103422447,0.00424025237,0.099219411,-0.0063057634979486465,-0.0010449837427586317,0.6502148509025574,-0.01319229938058953,0.003962053271142845,0.0968970709240308,0.5510355720774066,0.0036869323087639987,0.9878773675770279,0.9878773675770279,0.010450349298288308,0.020350409455831327,0.009630915439955735,0.0009097599559038835
36,-0.0103192395,0.00471017854,0.107202873,-0.00493724225088954,0.000949332898017019,0.6690978407859802,-0.012544641040504765,0.004905871869461178,0.10583352398240767,0.5619333276088365,0.002620271861402491,0.962155819603314,0.962155819603314,0.007997313633334764,0.01903726493498414,0.00900946436457719,0.00123408165709626
37,-0.00900201255,0.00529544287,0.116452965,-0.0032613850198686123,0.0007981235976330936,0.6868628263473511,-0.011751534674933528,0.004834311442684843,0.1142408768715443,0.5704564756468118,0.0035589110689663718,0.981604865283047,0.981604865283047,0.009361721165589193,0.017844497014682215,0.008444982013258768,0.0011900967847679545
38,-0.00875654424,0.00328435601,0.123807472,-0.0018069043289870024,-0.0024215683806687593,0.7042873501777649,-0.011063195672549708,0.0033105788979893576,0.12248710483842792,0.5805495190225529,0.002657949945445931,0.9748490267515266,0.9748490267515266,0.007628466311305823,0.017779087750274133,0.008414026808358798,0.0011085192653257443
39,-0.00770065408,0.00324709083,0.132966339,-0.0005759515333920717,-0.005251067690551281,0.7220736145973206,-0.010480642171074344,0.0019715066473775596,0.1309045280352054,0.5892116446968063,0.0036887007533844465,1.0020008123746698,1.0020008123746698,0.009219606143828163,0.01805193931775643,0.008543154941126086,0.0015711423088744128
40,-0.00833492233,0.000475617846,0.141703302,-0.0012061356101185083,-0.0072691370733082294,0.7403207421302795,-0.010778879391693008,0.0010164469656802674,0.13954005660643318,0.5987099802550367,0.003308330831232171,1.033384210201927,1.033384210201927,0.00918792039459252,0.01836919702132487,0.008693298461450496,0.0018500170487943228
41,-0.0103074729,0.000364079217,0.150108914,-0.003835363080725074,-0.008376498706638813,0.7591553926467896,-0.012023172166085547,0.0004923834928933779,0.14845363285949717,0.6091435783622825,0.0023874759921229346,0.9551358775092378,0.9551358775092378,0.008634680637493817,0.019049492039375632,0.009015250892299185,0.0009790627385388997
42,-0.0132163003,0.000435051176,0.158479676,-0.007419421803206205,-0.007746407762169838,0.7783029079437256,-0.013719342779407562,0.0007905766382860216,0.1575152736638402,0.6199043304638459,0.001144343460859861,0.9143782185471834,0.9143782185471834,0.008862052263589914,0.01949024970519604,0.009223841280528992,0.0014140295159975598
43,-0.014206666,0.00118696463,0.167286626,-0.010844302363693714,-0.005656499415636063,0.7968963384628296,-0.01534018166923893,0.0017796344067014368,0.16631469155549697,0.6296558810309753,0.001606478073624696,0.8963759645616315,0.8963759645616315,0.008894299655652622,0.0190213874945879,0.009001950300243948,0.0006736398159341476
44,-0.0162707755,0.00267948597,0.173880167,-0.013909569010138512,-0.002457014052197337,0.8147690892219543,-0.016790831786962595,0.003293804087342668,0.17477304477016467,0.6409138550190533,0.0012021131408311739,0.8463250504817712,0.8463250504817712,0.007068447559190544,0.018413793359937005,0.00871440386313971,0.0019632436579113685
45,-0.0176212234,0.00414035365,0.184208908,-0.017003066837787628,9.773304191185161e-05,0.8318092226982117,-0.01825484242794939,0.00450284871552276,0.18283735841218665,0.6476132275487733,0.0015537129776567037,0.9781376928390598,0.9781376928390598,0.01051858995085197,0.017506073529298186,0.008284821699152947,0.0022812151597619303
46,-0.0197593988,0.00433033233,0.190863119,-0.0213375985622406,0.0005344002856872976,0.848433792591095,-0.020306177493251976,0.00470950329460273,0.19070500486969386,0.6575835236543119,0.000683913472593258,0.8635735391152131,0.8635735391152131,0.006991881719003877,0.01718590025792765,0.00813329837430795,0.001216653171152823
47,-0.0236293735,0.00313076435,0.197900811,-0.026806557551026344,-0.0009115707944147289,0.8647769093513489,-0.022894384953150954,0.004025191500714296,0.19843945246815367,0.6668959180593564,0.0012768487471697247,0.8726484546623944,0.8726484546623944,0.008120638903691354,0.017294444490205632,0.008184667381149483,0.0015472183294892475
48,-0.024980262,0.00256025462,0.20610605,-0.03222811222076416,-0.002755005145445466,0.8818928599357605,-0.025460158123006275,0.0031527785700349396,0.20653964687017315,0.6758465771181714,0.0008771494548053949,0.8695644041858862,0.8695644041858862,0.00833524613545263,0.01804847000860562,0.008541513076222132,0.0012562343217707435
49,-0.0270276775,0.00167210543,0.216342557,-0.03584649786353111,-0.004387135151773691,0.9005630612373352,-0.027172574093322424,0.002380366294396065,0.21537539685214188,0.6843041607412784,0.001207487981884882,0.9370732320524919,0.9370732320524919,0.010476964960062932,0.019087508471737763,0.009033242326142473,0.0014449013605772622
50,-0.0279608378,0.000383094008,0.224972559,-0.0370873399078846,-0.00556842191144824,0.9206699132919312,-0.027759807722672614,0.0018213174498282274,0.22489104774466115,0.695782668906935,0.0014544909230935065,0.9017589546380296,0.9017589546380296,0.008775492756053447,0.020179708296529635,0.009550130410332371,0.0011987012082828967
51,-0.0264134279,0.00149598175,0.235871636,-0.03607583045959473,-0.004456289112567902,0.9413018226623535,-0.02728110669288058,0.0023476388964440687,0.2346551841834211,0.705521466580662,0.0017198666822640768,0.9346992948619316,0.9346992948619316,0.011064487153810655,0.020686606173938905,0.009790021927238551,0.0016656196281533695
52,-0.0268670389,0.00286011347,0.244674998,-0.03435780107975006,-0.0020081091206520796,0.9607133269309998,-0.026468042183463436,0.0035062502027721856,0.2438417588604285,0.716094057793754,0.0011273768318350078,0.9437032627369353,0.9437032627369353,0.008919966412037397,0.01964056282784426,0.00929497758748555,0.0013392376347804028
53,-0.0268356556,0.00451252562,0.253601662,-0.033118631690740585,0.0009403065778315067,0.9789143204689026,-0.025881600145172545,0.004901600126102436,0.25245545432769556,0.725348667244015,0.0015412309399419836,0.9355453236503698,0.9355453236503698,0.00907836885094908,0.018479850152869293,0.008745665513591842,0.0006871102486606451
54,-0.0272889917,0.00518485313,0.262564041,-0.03271101042628288,0.0034436737187206745,0.9969174861907959,-0.025688691695932717,0.006086328978924548,0.2609755269628622,0.7343755255020429,0.002428373046999971,0.9635823883705098,0.9635823883705098,0.008998987456370153,0.018180950969277597,0.008604210238773375,0.0009358536605261635
55,-0.0262202799,0.00558599344,0.270036304,-0.0321139357984066,0.0041880360804498196,1.0144542455673218,-0.025406123658916056,0.006438601545137949,0.2692748708661258,0.7444425842144956,0.0014034141880444211,0.8568538297882545,0.8568538297882545,0.007558953155095937,0.017562702037755493,0.008311621374983858,0.0011421352341136086
56,-0.0271706962,0.00598954114,0.280102712,-0.03145044669508934,0.002283524489030242,1.032677173614502,-0.02509212469672075,0.005537283557842042,0.2778989469306248,0.7525957554345327,0.0030629359927791806,0.9441529131191151,0.9441529131191151,0.010119224867149874,0.01833418906864381,0.008676730803058684,0.002319858148534221
57,-0.0276488881,0.00468461558,0.288644606,-0.030506176874041557,0.00020297043374739587,1.0520983934402466,-0.024645245098609894,0.004552652746448497,0.28709011953521046,0.7634722881671687,0.0033846290252334396,0.8987531735747842,0.8987531735747842,0.008654215811822802,0.01955515610246545,0.009254558501475888,0.001174695155763659
58,-0.0270941184,0.00316036594,0.297737017,-0.030068783089518547,-0.0017685071798041463,1.0718050003051758,-0.02443824668111632,0.003619642812221353,0.29641635273639055,0.7740893909610105,0.0030014569678238996,0.9499891949692265,0.9499891949692265,0.0092359647129035,0.019809805436509186,0.009375072351987755,0.0007246944710588434
59,-0.0276528468,0.00250898497,0.306905599,-0.03106166236102581,-0.0028285570442676544,1.0924153327941895,-0.02490813090269552,0.003117969829722263,0.3061702778267865,0.785535264175773,0.002906032543531281,0.8762479940725613,0.8762479940725613,0.00920865736596646,0.020661445260935413,0.009778114421099528,0.0006106818345383799
60,-0.0288241952,0.00326368446,0.316522215,-0.0329054519534111,-0.0023308205418288708,1.1125414371490479,-0.025780711952815123,0.003353525688034177,0.31569503995002834,0.7960493434289598,0.00315516723573336,0.8663952168238449,0.8663952168238449,0.009717043361323714,0.02021651251303,0.009567548158005531,0.0006059778662231491
61,-0.0303680387,0.00340595658,0.326229732,-0.0343482531607151,-0.00013088689593132585,1.131864070892334,-0.02646352359129197,0.0043946533844148325,0.3248395562833595,0.8056519343807316,0.004260909307686136,0.9267364580220182,0.9267364580220182,0.009830543241037625,0.01950091172605347,0.009228887125995755,0.0013661211382663748
62,-0.0306095799,0.00512406736,0.335260159,-0.03539065271615982,0.0028396546840667725,1.1499608755111694,-0.02695684349204998,0.005800474472679786,0.3334039439137746,0.8147179479318964,0.004152775492893666,1.0156402354144471,1.0156402354144471,0.009195589084228307,0.01836858871889708,0.00869301057981076,0.0006149065455192719
63,-0.0309489192,0.00601009373,0.343611639,-0.03678903356194496,0.005085458047688007,1.1670966148376465,-0.027618633010724813,0.0068633102026806145,0.34151350341981856,0.8235062035693689,0.0040275249675891505,0.9410843329856797,0.9410843329856797,0.008405201489509947,0.017338761893597922,0.008205640775592264,0.000440183164947604
64,-0.0337779366,0.00744648955,0.351301731,-0.03946281969547272,0.004912358243018389,1.1841926574707031,-0.028884013356629996,0.006781390004216586,0.34960427630152424,0.8329141823228348,0.005222470159912449,0.971625765166812,0.971625765166812,0.008318899408556396,0.01730473257642291,0.00818953626050117,0.0022160301301713467
65,-0.035721641,0.00651921806,0.359250394,-0.043076205998659134,0.0032130989711731672,1.20168936252594,-0.03059406336881345,0.005977208526039368,0.3578846643315816,0.8424775580042465,0.005333952026963403,0.9155347569211136,0.9155347569211136,0.008235233008137331,0.017946552048762925,0.008493279980215497,0.00042401299452144467
66,-0.037104169,0.00535961304,0.36729109,-0.046937793493270874,0.0013443027855828404,1.2197262048721313,-0.0324215756213465,0.005092793002263509,0.3664206745684766,0.8525012891217102,0.004770272183616078,0.8950527253993369,0.8950527253993369,0.008240683202114338,0.018540009141939016,0.008774136003973847,0.0007204695948514032
67,-0.0379176145,0.00526133684,0.376184286,-0.04956483095884323,-0.0007653431966900826,1.2396125793457031,-0.0336648319667992,0.00409439431610386,0.37583198353392766,0.8635278781101264,0.0044240288376518905,0.8742568037555692,0.8742568037555692,0.008930861486294173,0.02016977495459898,0.00954542941518155,0.0011240101858646513
68,-0.039398532,0.00398762464,0.386090214,-0.05014534294605255,-0.0018337941728532314,1.2600175142288208,-0.03393956166562065,0.003588745472747697,0.38548870335785224,0.8740127624627345,0.005506475892466859,0.8898043429262856,0.8898043429262856,0.010096676133828362,0.020441133756228646,0.009673851090335216,0.0014515216314453564
69,-0.0380089459,0.00472648759,0.396127228,-0.0491989366710186,-0.0007399047026410699,1.280655860900879,-0.033491670981824914,0.00410643318862078,0.39525588627623465,0.8846163008670201,0.0046421413751218145,0.9054179684538786,0.9054179684538786,0.010159651471600398,0.020688973690507623,0.009791142364246271,0.0010042497466756682
70,-0.0375519067,0.006142062,0.404406626,-0.04717669636011124,0.0017360966885462403,1.2999064922332764,-0.03253463739113036,0.005278211087217544,0.4043663271708259,0.8955624263724684,0.005091252666375249,0.8946197301873908,0.8946197301873908,0.00841196570267541,0.019514272865267183,0.009235210340387372,0.00100003171067171
71,-0.0372201781,0.00699787355,0.413386098,-0.04578004777431488,0.005099229048937559,1.3192353248596191,-0.03187366767165948,0.00686982738597591,0.41351377715120075,0.9058916590972413,0.005349567416728812,0.8491088116902191,0.8491088116902191,0.0090262602816424,0.01966888551095082,0.009308381414402336,0.0008234227012516886
72,-0.03690041,0.0078128532,0.421334685,-0.044492293149232864,0.0075790961273014545,1.3381136655807495,-0.031264232469459016,0.008043434737016656,0.42244802997429476,0.9168104441850556,0.005749713213089455,0.8856805102427296,0.8856805102427296,0.007996654223127371,0.019084019521155977,0.009031591165850087,0.001088144279434749
73,-0.0372512213,0.0078730475,0.430419346,-0.043280065059661865,0.007801662664860487,1.3569016456604004,-0.030690540512550893,0.008148765271404531,0.43133951925009606,0.9265019177729192,0.00663063130436797,0.8657582489813582,0.8657582489813582,0.009091631174155772,0.018828362336595933,0.00891060034591301,0.0009455468611963842
74,-0.0371277677,0.00715041217,0.439900408,-0.04216553643345833,0.006350767333060503,1.3760957717895508,-0.030163085230745713,0.007462123055034377,0.44042321882355706,0.936209259581813,0.006991229986963332,0.9148961842649218,0.9148961842649218,0.009509362715732423,0.01928112416806136,0.009124871755181082,0.0005678113781487475
75,-0.0365632303,0.00751391016,0.449697758,-0.041249848902225494,0.004690888803452253,1.3954120874404907,-0.02972973231950008,0.006676578675991215,0.44956474509355504,0.9457301553575307,0.006885892178715098,0.9308226647960771,0.9308226647960771,0.009820330966277687,0.019409114629849993,0.009185443770564084,0.0013295158896304352
76,-0.0361171522,0.00608037802,0.458220688,-0.04174096882343292,0.003247989574447274,1.415993332862854,-0.029962156853379475,0.005993720648338984,0.4593049046093607,0.9577933435691163,0.006250360219459128,0.93390384383591,0.93390384383591,0.008654151365247335,0.020637606937278834,0.00976683283583872,0.0015828850688786185
77,-0.0387760495,0.0060909182,0.469990547,-0.04416842386126518,0.0023776490706950426,1.4383407831192017,-0.031110959989473524,0.005581828405394245,0.4698809278674986,0.9683723694225236,0.007682759008166603,0.9349938414667347,0.9349938414667347,0.012066458752559616,0.022495745453598594,0.010646204573554426,0.0019708062599771716
78,-0.038614797,0.00713857321,0.479993826,-0.04790499061346054,0.002766944468021393,1.4602347612380981,-0.03287930565859871,0.005766064062222255,0.48024234356112294,0.9802947056634013,0.005902660693806587,0.9046200961579374,0.9046200961579374,0.010059282983422624,0.02221395417008663,0.010512845683203284,0.0021440858110260814
79,-0.040560238,0.00704854986,0.487470016,-0.05095229670405388,0.00526698213070631,1.4807130098342896,-0.03432145586898462,0.006949217225714189,0.4899337594029697,0.9932989548311147,0.006708375437182055,0.8827140993009304,0.8827140993009304,0.00772568843561052,0.020854134561089453,0.009869305429319485,0.0026041324051982212
80,-0.0421844563,0.00924176524,0.496358683,-0.053330209106206894,0.008755652233958244,1.499082088470459,-0.03544681274784562,0.00860024478047886,0.4986270018381558,1.002785466582831,0.0071381131601708295,0.8899398428627,0.8899398428627,0.009298208420228745,0.018848032693716692,0.008919909423772885,0.0007622474111907161
81,-0.0429663431,0.0106647776,0.505986025,-0.055669642984867096,0.012146847322583199,1.516310691833496,-0.03655395950632462,0.010205141881435295,0.5067805096335678,1.0104056129945254,0.0064777414412118236,0.8906039371596297,0.8906039371596297,0.0097632999098507,0.017714342461479928,0.00838338583266412,0.0015202181955877218
82,-0.045812521,0.0122589472,0.515306826,-0.058607067912817,0.013241584412753582,1.5328294038772583,-0.037944108002044306,0.010723230736959183,0.5145980584261729,1.0176034898213435,0.008048148832803819,0.9476947660777764,0.9476947660777764,0.009875192992221135,0.016813529138425126,0.00795707220195539,0.0023532400204396412
83,-0.0468525416,0.0107123786,0.523522213,-0.06216954067349434,0.012805054895579815,1.5509581565856934,-0.03963006296966771,0.010516641337563066,0.5231775656221216,1.0275522409719708,0.007233345868724334,0.8737540991214399,0.8737540991214399,0.008424137988108909,0.018480623500129086,0.008746031503380958,0.0015314564905428327
84,-0.0493290827,0.0114296727,0.531089478,-0.06523203104734421,0.011616968549787998,1.5700627565383911,-0.04107939920490375,0.009954374560743584,0.532218896562315,1.0390949967941752,0.008456321224850601,0.858497622572104,0.858497622572104,0.007994452215512206,0.019384946113095054,0.009174005920053806,0.0022057416593337367
85,-0.0497532931,0.00995675806,0.539156891,-0.06661572307348251,0.009954836219549179,1.590807318687439,-0.04173423717893088,0.009167763561230762,0.5420363463944675,1.0517856072429768,0.00855681211392713,0.8138535410184496,0.8138535410184496,0.008211734561757575,0.0208569927425344,0.009870658075509126,0.001893892995588146
86,-0.0509567226,0.0102830343,0.549920055,-0.066359743475914,0.008659904822707176,1.6125401258468628,-0.04161309377570418,0.008554931922113276,0.5523214872649526,1.062732940379659,0.009800847634660216,0.9398469616923472,0.9398469616923472,0.010835146424352309,0.02177285649393763,0.010304094383679267,0.0016926083708094478
87,-0.047952981,0.00929571745,0.561969434,-0.06449005752801895,0.009917177259922028,1.6328476667404175,-0.04072825716823774,0.009149941302837732,0.5619321149805157,1.071006092638893,0.007226290738652181,0.9923905065130525,0.9923905065130525,0.01245731883061143,0.020432148116841076,0.00966959859933246,0.003597363269835994
88,-0.0471545339,0.0116322712,0.567419362,-0.06193441525101662,0.01339613739401102,1.6521947383880615,-0.039518788891051176,0.010796373574537665,0.571088196653154,1.0848774923163267,0.008512559802675358,0.807344261019052,0.807344261019052,0.005983202854936594,0.019822806370482816,0.009381225097759882,0.0037922000353512266
89,-0.0471608,0.0120887829,0.577193484,-0.05982170253992081,0.01756300777196884,1.6699098348617554,-0.038518938862792756,0.012768362214199597,0.5794719393252168,1.0928034082266147,0.00896297666113605,0.9761039421316975,0.9761039421316975,0.00978477915270095,0.018320780737146776,0.008670385254723703,0.0022895621183414445
90,-0.0460412886,0.0158109761,0.586314124,-0.0587325356900692,0.02101193368434906,1.6868007183074951,-0.03800348614653706,0.014400580666260673,0.5874656197730298,1.1005720612313419,0.00824144563021033,0.9696162407725301,0.9696162407725301,0.009914338202949123,0.01727377544005561,0.008174885667683192,0.0024500855439544967
91,-0.0451019101,0.0166670772,0.59393908,-0.05736980959773064,0.022285105660557747,1.7035719156265259,-0.03735857038739133,0.015003114569571086,0.5954026582663813,1.109714870361948,0.008054200325429601,0.888562241621639,0.888562241621639,0.007730154918345299,0.01687456810699486,0.007985959146275173,0.0004983975437790159
92,-0.0453561247,0.0150750431,0.602060459,-0.055905867367982864,0.021530885249376297,1.7209348678588867,-0.03666575367260817,0.014646176640683578,0.6036197472198392,1.1189427678695374,0.008839561911440362,0.9062838900409531,0.9062838900409531,0.0082798547390675,0.01744087398910748,0.008253965747106193,0.0015593239747619975
93,-0.0459108033,0.0148055843,0.610923548,-0.053759921342134476,0.02055705152451992,1.7400044202804565,-0.03565017584069715,0.014185305802825256,0.6126444917709774,1.1291228029664755,0.010422421443000785,0.8133398564443495,0.8133398564443495,0.008884515913437053,0.01921461074361179,0.009093394001974967,0.0015901183438375812
94,-0.0443666001,0.0140313246,0.619766403,-0.05299684405326843,0.01937182806432247,1.7611093521118164,-0.03528904635781523,0.013624393898453598,0.6226324880456967,1.1413880714179572,0.009527959804033611,0.7123319311689856,0.7123319311689856,0.009010001451551383,0.021151954737227772,0.010010250059398125,0.0016602798683056736
95,-0.0462621527,0.0121191531,0.632279709,-0.05391932278871536,0.018256530165672302,1.7841708660125732,-0.035725613234542174,0.013096574555281501,0.6335464448767673,1.1519329569270853,0.010657327825955451,0.9327994746445413,0.9327994746445413,0.012799701033790401,0.023106888146500516,0.010935430380527016,0.0025696279884419113
96,-0.0465134911,0.0152024746,0.641267217,-0.05496210604906082,0.019070085138082504,1.8067779541015625,-0.03621911472523138,0.013481592810665695,0.6442453428130098,1.1655477749988883,0.010853794379679956,0.773834868776641,0.773834868776641,0.009505016702444104,0.022645743540111684,0.010717191788357016,0.0032044248900962814
